No,Youtuber,subscribers,video views,video count,category,started
1,BLACKPINK,"76,200,000","24,707,415,704",397,People & Blogs,2016
2,LEGO,"14,900,000","18,840,617,532","28,683",Entertainment,2005
3,Ed Sheeran,"52,200,000","27,881,781,761",253,Music,2006
4,IndiaTV,"31,900,000","13,417,041,251","237,971",News & Politics,2006
5,Marshmello,"55,700,000","13,445,424,556",401,Entertainment,2015
6,Sports,"75,100,000",,,,2013
7,Music,"116,000,000",,,,2013
8,Marta and Rustam,"11,200,000","12,481,668,186",390,Comedy,2021
9,Goldmines,"74,100,000","18,533,088,438","3,968",Film & Animation,2012
10,Gaming,"92,700,000",,,,2013
11,T-Series,"222,000,000","198,459,090,822","17,317",Music,2006
12,WWE,"90,200,000","70,544,743,313","63,077",Sports,2007
13,SET India,"139,000,000","125,764,252,686","91,271",Shows,2006
14,Like Nastya,"99,200,000","81,963,845,811",702,People & Blogs,2016
15,5-Minute Crafts,"77,100,000","23,881,457,195","5,581",Howto & Style,2016
16,YouTube Movies,"154,000,000",,,Film & Animation,2015
17,News,"36,200,000",,,,2013
18,Cocomelon - Nursery Rhymes,"140,000,000","135,481,339,848",786,Education,2006
19,Sony SAB,"70,600,000","82,473,581,441","56,295",Shows,2007
20,Barbie,"11,000,000","3,703,938,514","2,411",Entertainment,2005
21,BANGTANTV,"70,000,000","17,471,090,750","1,787",Music,2012
22,CNN,"14,100,000","12,083,277,333","155,569",News & Politics,2005
23,PewDiePie,"111,000,000","28,469,458,228","4,497",Gaming,2010
24,MrBeast,"102,000,000","16,832,456,681",726,Entertainment,2012
25,✿ Kids Diana Show,"99,700,000","79,602,288,245","1,009",People & Blogs,2015
26,Zee Music Company,"86,700,000","49,067,711,243","6,603",Music,2014
27,Vlad and Niki,"85,100,000","66,498,762,660",472,Entertainment,2018
28,Justin Bieber,"69,700,000","28,567,240,999",247,Music,2007
29,HYBE LABELS,"67,800,000","24,013,849,120",971,Music,2008
30,Canal KondZilla,"65,900,000","36,576,704,790","2,313",Music,2012
31,Zee TV,"63,000,000","17,111,576,122","60,802",Entertainment,2005
32,Shemaroo Filmi Gaane,"61,300,000","28,579,945,247","7,884",Music,2010
33,Pinkfong Baby Shark - Kids' Songs & Stories,"59,400,000","32,107,290,522","2,374",Education,2011
34,Dude Perfect,"58,100,000","14,742,860,905",297,Sports,2009
35,ChuChu TV Nursery Rhymes & Kids Songs,"57,700,000","39,266,652,127",506,Education,2013
36,Movieclips,"57,600,000","58,839,819,120","39,202",Film & Animation,2006
37,Colors TV,"55,100,000","52,611,504,230","87,427",Shows,2008
38,Wave Music,"53,400,000","37,230,876,862","18,622",Music,2014
39,EminemMusic,"53,000,000","23,717,869,724",140,Music,2007
40,Aaj Tak,"52,900,000","20,204,939,173","196,497",News & Politics,2009
41,Tips Official,"52,800,000","27,883,080,973","3,612",Music,2007
42,T-Series Bhakti Sagar,"52,500,000","24,278,576,197","23,870",Music,2011
43,Sony Music India,"52,400,000","24,856,641,898","3,180",Music,2009
44,El Reino Infantil,"51,700,000","49,895,247,456","1,309",Music,2011
45,Ariana Grande,"51,600,000","22,158,094,076",146,Music,2007
46,LooLoo Kids - Nursery Rhymes and Children's Songs,"49,800,000","29,013,984,394",553,Music,2014
47,YRF,"47,600,000","29,366,788,406","3,289",Film & Animation,2006
48,Taylor Swift,"47,100,000","25,563,795,998",189,Music,2006
49,Billie Eilish,"46,200,000","11,999,349,578",48,Music,2013
50,JuegaGerman,"46,100,000","13,698,034,536","1,959",Gaming,2013
51,BillionSurpriseToys - English Kids Songs & Cartoon,"45,700,000","8,590,657,189",648,Education,2013
52,Badabun,"45,600,000","18,567,925,780","13,814",Entertainment,2014
53,Infobells - Hindi,"45,600,000","25,635,591,765",476,Education,2014
54,Ferfloo,"45,100,000","9,966,728,650",541,Gaming,2011
55,Felipe Neto,"44,300,000","15,475,571,879","3,512",Entertainment,2006
56,whinderssonnunes,"43,900,000","4,120,078,906",521,Comedy,2013
57,BRIGHT SIDE,"43,900,000","10,058,536,263","4,540",Howto & Style,2017
58,Você Sabia?,"43,300,000","7,284,075,395","1,315",Entertainment,2013
59,HolaSoyGerman.,"43,300,000","4,735,959,546",136,Entertainment,2011
60,Katy Perry,"43,200,000","23,966,278,157",118,Music,2008
61,SonyMusicIndiaVEVO,"42,700,000","23,991,411,417","3,309",Music,2009
62,Bad Bunny,"42,500,000","23,748,805,401",123,Music,2014
63,Alan Walker,"42,200,000","11,731,228,995",318,Music,2012
64,Like Nastya Show,"41,500,000","18,745,015,002",599,Entertainment,2017
65,Get Movies,"41,300,000","28,559,341,412","3,963",Entertainment,2006
66,A4,"41,200,000","16,717,234,472",645,Gaming,2014
67,Speed Records,"40,800,000","24,558,172,214","10,327",Music,2012
68,ABS-CBN Entertainment,"40,600,000","47,544,242,811","179,522",People & Blogs,2008
69,elrubiusOMG,"40,400,000","7,483,116,325",705,Gaming,2011
70,Shemaroo,"39,700,000","20,489,429,972","9,707",Entertainment,2007
71,Rihanna,"39,600,000","20,092,128,845",79,Entertainment,2005
72,Little Baby Bum - Nursery Rhymes & Kids Songs,"39,500,000","37,136,069,429","1,989",Education,2011
73,Luisito Comunica,"39,200,000","7,691,260,396","1,119",Comedy,2012
74,Voot Kids,"38,800,000","17,685,426,640","3,282",Entertainment,2016
75,Маша и Медведь,"38,700,000","32,833,907,997","1,198",Film & Animation,2011
76,TheEllenShow,"38,300,000","22,335,550,787","14,404",Entertainment,2006
77,Ishtar Music,"37,800,000","14,999,240,876","4,535",Trailers,2005
78,LUCCAS NETO - LUCCAS TOON,"37,800,000","20,454,693,770","1,875",People & Blogs,2014
79,XXXTENTACION,"37,600,000","9,725,253,939",126,Music,2015
80,GR6 EXPLODE,"37,600,000","23,912,270,526","4,180",Music,2014
81,One Direction,"37,400,000","12,698,961,117",157,Music,2010
82,Kimberly Loaiza,"37,200,000","4,254,148,920",206,People & Blogs,2016
83,Shakira,"37,200,000","23,715,669,906",287,People & Blogs,2005
84,WorkpointOfficial,"37,000,000","33,773,658,170","62,039",Entertainment,2012
85,Daddy Yankee,"36,800,000","20,479,831,396",423,Music,2011
86,Toys and Colors,"36,500,000","40,932,580,174",821,Entertainment,2016
87,CarryMinati,"36,300,000","2,948,237,121",178,Comedy,2014
88,Maroon 5,"36,000,000","20,838,666,788",163,Music,2006
89,shfa,"35,900,000","19,083,355,034",847,People & Blogs,2015
90,TEDx Talks,"35,900,000","6,660,397,688","185,006",Nonprofits & Activism,2009
91,shfa2 - شفا,"35,800,000","20,816,532,667","1,351",People & Blogs,2017
92,Jkk Entertainment,"35,700,000","15,133,442,317",194,Comedy,2017
93,Bruno Mars,"35,300,000","17,395,825,825",97,Music,2006
94,Super Simple Songs - Kids Songs,"35,300,000","37,440,873,935",600,Education,2006
95,Ozuna,"35,200,000","21,048,440,606",137,Music,2016
96,Masha and The Bear,"35,100,000","19,426,654,260",935,Shows,2014
97,one31,"34,400,000","26,969,165,355","128,901",Entertainment,2013
98,Goldmines Gaane Sune Ansune,"34,300,000","14,212,434,275","3,171",Music,2015
99,J Balvin,"33,600,000","21,489,532,517",134,Music,2011
100,Like Nastya ESP,"33,600,000","15,934,957,738",630,Entertainment,2017
101,Mikecrack,"33,500,000","13,775,632,479","1,727",Gaming,2015
102,VEGETTA777,"33,400,000","14,948,682,643","7,130",Gaming,2008
103,Ultra Bollywood,"33,400,000","15,508,274,562","9,078",Trailers,2009
104,YouTube,"33,300,000","2,725,286,912",540,News & Politics,1970
105,Markiplier,"33,300,000","18,701,808,550","5,200",Gaming,2012
106,ABP NEWS,"33,200,000","10,421,462,788","224,455",People & Blogs,2012
107,Total Gaming,"33,200,000","5,935,440,954","1,894",Gaming,2018
108,Maria Clara & JP,"33,100,000","20,224,535,670",627,People & Blogs,2015
109,Desi Music Factory,"33,000,000","9,481,987,642",125,Music,2014
110,Ryan's World,"32,900,000","51,721,734,476","2,198",Entertainment,2015
111,Geet MP3,"32,800,000","11,575,367,431",563,Music,2016
112,NoCopyrightSounds,"32,700,000","10,436,881,173","1,116",Music,2011
113,Sony PAL,"32,700,000","23,519,452,138","19,383",Shows,2014
114,SSSniperWolf,"32,500,000","20,583,922,757","3,095",Gaming,2013
115,T-Series Apna Punjab,"32,300,000","18,933,492,606","6,524",Music,2011
116,ARY Digital HD,"32,200,000","25,304,311,207","71,075",Entertainment,2016
117,KHANDESHI MOVIES,"32,100,000","10,676,727,914",191,Comedy,2013
118,HAR PAL GEO,"31,900,000","26,003,463,646","61,818",Entertainment,2008
119,JustinBieberVEVO,"31,800,000","25,304,909,929",205,Music,2009
120,Ch3Thailand,"31,600,000","20,335,720,484","76,039",Entertainment,2014
121,La Granja de Zenón,"31,500,000","22,808,879,757",558,Music,2013
122,GENIAL,"31,400,000","6,362,416,164","5,453",Howto & Style,2017
123,Eros Now Music,"31,000,000","16,582,648,732","9,807",Entertainment,2007
124,Selena Gomez,"30,900,000","11,583,101,067",182,Film & Animation,2008
125,Luis Fonsi,"30,900,000","14,480,846,921",121,Entertainment,2014
126,SMTOWN,"30,800,000","25,203,004,950","3,951",Music,2006
127,Galinha Pintadinha,"30,800,000","22,858,782,418",62,Film & Animation,2006
128,Mr Bean,"30,700,000","9,936,630,200","2,661",Shows,2006
129,Bollywood Classics,"30,600,000","19,244,430,138","2,008",Music,2012
130,Ricis Official,"30,500,000","5,134,450,983","2,003",People & Blogs,2016
131,CVS 3D Rhymes & Kids Songs,"30,500,000","18,636,699,832",338,Education,2008
132,Trap Nation,"30,400,000","13,348,694,779","2,472",Music,2012
133,Rajshri,"30,300,000","13,287,506,122","3,739",Music,2006
134,DisneyMusicVEVO,"30,100,000","24,693,346,235","1,771",Music,2010
135,Dream,"30,000,000","2,673,017,855",110,Gaming,2014
136,The Tonight Show Starring Jimmy Fallon,"29,900,000","16,006,240,303","7,897",Comedy,2006
137,AH,"29,900,000","4,082,464,979","1,809",Entertainment,2014
138,Saregama Music,"29,700,000","12,147,894,890","5,718",Entertainment,2013
139,rezendeevil,"29,600,000","12,599,347,383","11,571",Gaming,2012
140,Spinnin' Records,"29,600,000","20,075,386,002","10,826",Music,2007
141,Shawn Mendes,"29,500,000","11,742,431,673",132,Music,2011
142,Boram Tube Vlog [보람튜브 브이로그],"29,400,000","13,109,187,449",223,Entertainment,2012
143,Popular on YouTube,"29,400,000",,,,2013
144,BabyBus - Kids Songs and Cartoons,"29,200,000","23,790,606,514","1,825",Education,2016
145,AuronPlay,"29,200,000","3,935,938,048",404,Comedy,2006
146,The Weeknd,"29,100,000","19,280,816,380",123,Music,2011
147,Maluma,"28,700,000","19,638,529,002",20,Music,2018
148,Adele,"28,700,000","12,650,300,730",14,Music,2008
149,ImagineDragons,"28,600,000","14,307,239,074",67,Music,2009
150,Jingle Toons,"28,600,000","9,728,073,444",228,Film & Animation,2013
151,Worldwide Records Bhojpuri,"28,600,000","14,501,468,946","5,927",Music,2012
152,jacksepticeye,"28,600,000","15,485,608,801","4,988",Gaming,2007
153,ashish chanchlani vines,"28,600,000","4,054,589,048",147,Comedy,2009
154,Ultra Music,"28,600,000","16,201,384,834","4,665",Music,2006
155,PowerKids TV,"28,400,000","14,322,875,759","2,509",Film & Animation,2014
156,MrBeast Gaming,"28,400,000","4,943,059,589",132,Gaming,2020
157,Peppa Pig - Official Channel,"28,200,000","21,008,328,965","2,020",Film & Animation,2013
158,Techno Gamerz,"28,100,000","7,193,172,591",839,Gaming,2017
159,DONA 도나,"28,100,000","18,421,172,559",160,Entertainment,2018
160,قناة طيور الجنة | toyoraljanahtv,"28,100,000","25,743,323,512","3,131",Entertainment,2008
161,Wow Kidz,"28,000,000","14,967,441,549","3,718",Film & Animation,2015
162,Talking Tom,"28,000,000","13,908,482,957",447,Comedy,2010
163,The Late Late Show with James Corden,"27,900,000","9,996,299,350","5,422",Entertainment,2006
164,Little Angel: Nursery Rhymes & Kids Songs,"27,700,000","20,217,178,677","1,146",Education,2015
165,GMANetwork,"27,600,000","26,290,731,375","114,067",Entertainment,2006
166,KAROL G,"27,400,000","14,040,459,862",121,Music,2013
167,TheDonato,"27,200,000","5,094,142,687","2,491",Entertainment,2015
168,Round2hell,"27,100,000","2,862,422,681",67,Comedy,2016
169,Vlad và Nikita,"27,100,000","17,117,316,552",405,,2018
170,infobells - Tamil,"26,900,000","16,492,704,526",460,Education,2014
171,MR. INDIAN HACKER,"26,800,000","4,592,841,527",812,Science & Technology,2012
172,Drake,"26,800,000","12,947,966,180",53,Music,2009
173,Zee News,"26,700,000","12,175,851,183","144,314",News & Politics,2007
174,ToypuddingTV,"26,600,000","15,570,902,183","2,579",Entertainment,2014
175,Genevieve's Playhouse - Learning Videos for Kids,"26,500,000","18,579,474,197",578,Education,2016
176,Wiz Khalifa,"26,400,000","12,528,940,373",598,Music,2008
177,Bounce Patrol - Kids Songs,"26,400,000","18,891,028,184",205,Music,2013
178,enchufetv,"26,300,000","10,022,194,205",994,Comedy,2011
179,AboFlah,"26,300,000","3,589,276,436",553,Gaming,2016
180,infobells - Telugu,"26,300,000","13,426,911,345",421,Education,2014
181,DanTDM,"26,200,000","18,809,615,646","3,603",Gaming,2012
182,Aditya Music,"26,100,000","22,661,822,099","19,992",Music,2008
183,Lucas and Marcus,"26,100,000","7,942,766,503",968,Entertainment,2011
184,WORLDSTARHIPHOP,"25,900,000","19,426,357,466","6,259",Music,2008
185,व्लाद और निकिता,"25,900,000","15,750,623,413",427,,2018
186,Michael Jackson,"25,800,000","12,588,288,710",7,Music,2005
187,toycantando,"25,800,000","13,948,216,340",496,Music,2009
188,TaylorSwiftVEVO,"25,800,000","23,276,597,783",239,Music,2009
189,VanossGaming,"25,700,000","14,907,579,962","1,581",Gaming,2011
190,LosPolinesios,"25,600,000","7,086,413,849",725,People & Blogs,2012
191,BB Ki Vines,"25,500,000","4,371,751,617",185,Entertainment,2015
192,1MILLION Dance Studio,"25,500,000","7,409,442,051","4,251",Entertainment,2015
193,Renato Garcia,"25,400,000","6,901,320,769","3,648",Entertainment,2011
194,JYP Entertainment,"25,200,000","17,152,981,455","1,502",Music,2008
195,RihannaVEVO,"25,200,000","18,089,677,017",106,Music,2009
196,Nick Jr.,"25,100,000","20,691,684,541","4,712",Film & Animation,2012
197,Smosh,"25,000,000","10,184,035,967","1,366",Comedy,2005
198,EminemVEVO,"24,900,000","18,786,748,261",98,Music,2009
199,Yuya,"24,900,000","2,583,410,213",672,Howto & Style,2009
200,Marília Mendonça,"24,900,000","16,477,333,283",114,Music,2013
201,Beyoncé,"24,900,000","15,717,379,166",234,Music,2005
202,KatyPerryVEVO,"24,800,000","22,679,485,513",171,Music,2009
203,Jess No Limit,"24,700,000","3,060,187,306","1,914",Entertainment,2017
204,Las Ratitas,"24,600,000","9,217,427,023",217,People & Blogs,2015
205,WatchMojo.com,"24,600,000","15,650,528,115","22,492",Music,2007
206,Nicki Minaj,"24,500,000","9,386,490,086",31,Music,2013
207,Super JoJo - Nursery Rhymes & Kids Songs,"24,400,000","831,718,833",61,,2019
208,Goldmines Dishoom,"24,400,000","7,143,695,444","2,844",Film & Animation,2016
209,Netflix,"24,300,000","5,678,834,326","5,650",Entertainment,2012
210,David Guetta,"24,300,000","15,959,928,823",633,Music,2009
211,Masha y el Oso,"24,300,000","11,006,209,206",840,Film & Animation,2016
212,ZHC,"24,300,000","2,224,916,696",298,Film & Animation,2013
213,Aditya Movies,"24,300,000","7,908,171,009","4,274",Movies,2012
214,1theK (원더케이),"24,200,000","22,605,283,252","16,928",Music,2011
215,Post Malone,"24,200,000","12,492,313,399",51,Music,2011
216,Amit Bhadana,"24,100,000","2,242,631,303",93,Entertainment,2012
217,Sandeep Maheshwari,"24,000,000","1,821,164,544",513,People & Blogs,2012
218,Chloe Ting,"24,000,000","2,735,828,023",367,Howto & Style,2011
219,Rans Entertainment,"24,000,000","5,688,277,632","3,060",People & Blogs,2015
220,Raffy Tulfo in Action,"23,900,000","12,797,189,774","8,755",News & Politics,2016
221,KSI,"23,900,000","5,898,102,699","1,242",Entertainment,2009
222,James Charles,"23,900,000","3,687,600,020",406,Entertainment,2015
223,Collins Key,"23,900,000","6,368,398,946",251,Entertainment,2011
224,Ninja,"23,900,000","2,447,087,199","1,418",Gaming,2011
225,Logan Paul,"23,500,000","5,889,189,870",712,Entertainment,2015
226,Coldplay,"23,500,000","15,078,170,011",347,Music,2010
227,Chris Brown,"23,400,000","13,630,944,140",21,Music,2006
228,DJ Snake,"23,400,000","7,645,734,689",209,Music,2008
229,Happy Lives,"23,400,000","10,089,784,164",596,Science & Technology,2016
230,TRANS7 OFFICIAL,"23,300,000","12,454,676,964","78,951",Entertainment,2014
231,Troom Troom,"23,200,000","9,797,581,328","1,992",Howto & Style,2015
232,ABPLIVE,"23,200,000","6,805,551,423","146,479",People & Blogs,2017
233,NickyJamTV,"23,100,000","15,050,718,616",328,Music,2012
234,Mister Max,"23,100,000","14,762,469,807","1,046",People & Blogs,2014
235,Shemaroo Movies,"23,000,000","5,590,554,837","2,155",Entertainment,2011
236,Enrique Iglesias,"22,900,000","16,539,033,540",405,Music,2007
237,Sesame Street,"22,900,000","21,078,177,585","3,425",Entertainment,2006
238,netd müzik,"22,800,000","50,658,927,334","20,482",Music,2014
239,Jelly,"22,800,000","14,239,994,409","5,667",Gaming,2014
240,Erlania e Valentina Pontes,"22,700,000","7,556,615,404","1,117",Film & Animation,2014
241,DrossRotzank,"22,500,000","5,743,037,460","1,508",Entertainment,2006
242,Anuel AA,"22,400,000","11,627,613,226",92,Music,2016
243,Goldmines Bollywood,"22,400,000","7,122,122,133","2,409",Film & Animation,2015
244,The Chainsmokers,"22,300,000","13,337,815,978",237,Music,2012
245,Crazy XYZ,"22,300,000","5,869,132,761","1,085",Entertainment,2017
246,Mark Rober,"22,300,000","2,935,811,566",107,Science & Technology,2011
247,Frost Diamond,"22,300,000","5,357,578,673","2,191",Gaming,2014
248,Miss Katy,"22,300,000","13,424,354,473",990,People & Blogs,2014
249,Technical Guruji,"22,200,000","3,065,204,553","4,609",Science & Technology,2015
250,The Lallantop,"22,200,000","8,155,335,430","39,370",News & Politics,2015
251,HUM TV,"22,100,000","16,656,148,835","59,428",Entertainment,2011
252,GMM GRAMMY OFFICIAL,"22,100,000","24,128,528,075","13,755",Music,2010
253,Like Nastya AE,"22,100,000","11,179,266,145",576,Entertainment,2018
254,WB Kids,"22,100,000","9,340,794,746","1,722",People & Blogs,2015
255,Venus Movies,"22,100,000","6,293,790,011","2,456",Entertainment,2010
256,OneDirectionVEVO,"22,000,000","11,550,410,746",266,Music,2010
257,Smile Family,"22,000,000","8,261,468,075",413,People & Blogs,2018
258,Lady Gaga,"21,900,000","13,835,267,771",172,People & Blogs,2008
259,mmoshaya,"21,900,000","16,356,422,375","1,139",People & Blogs,2010
260,White Hill Music,"21,700,000","9,719,487,276","5,094",Entertainment,2014
261,America's Got Talent,"21,700,000","4,016,933,296","2,751",Entertainment,2006
262,Paulo Londra,"21,700,000","7,061,442,001",52,Music,2016
263,TED,"21,700,000","2,370,380,465","4,005",People & Blogs,2006
264,Sia,"21,600,000","12,150,226,022",144,Music,2007
265,Diana and Roma ARA,"21,600,000","9,790,033,957",503,,2019
266,FaZe Rug,"21,500,000","6,009,951,177","1,997",Gaming,2012
267,Peppa Pig Español Latino - Canal Oficial,"21,500,000","6,961,098,158",949,Film & Animation,2014
268,Wave Music Bhojpuri,"21,500,000","12,148,385,591","21,294",Music,2014
269,Goldmines Movies,"21,400,000","4,575,205,400","4,025",Film & Animation,2013
270,nigahiga,"21,200,000","4,357,416,327",403,Entertainment,2006
271,Pen Movies,"21,200,000","5,588,648,749","1,569",Film & Animation,2014
272,Enaldinho,"21,100,000","7,382,859,153","2,908",Comedy,2012
273,BabyBus - Canciones Infantiles & Cuentos,"21,100,000","11,922,457,689",973,Education,2018
274,Tasty,"21,000,000","5,508,445,771","4,310",Howto & Style,2016
275,SSundee,"21,000,000","12,022,708,572","3,067",Gaming,2009
276,Juan De Dios Pantoja,"20,900,000","1,601,142,353",175,Entertainment,2014
277,Dua Lipa,"20,900,000","9,928,011,592",164,Music,2011
278,5-Minute Crafts DIY,"20,900,000","4,934,552,904","3,961",Howto & Style,2018
279,FGTeeV,"20,900,000","22,567,064,225","1,594",Gaming,2013
280,Like Nastya PRT,"20,800,000","10,441,789,042",529,Entertainment,2019
281,Preston,"20,800,000","6,955,897,177","3,861",Gaming,2012
282,Indosiar,"20,800,000","10,126,082,404","58,623",Music,2013
283,Baim Paula,"20,800,000","4,254,648,656","1,957",People & Blogs,2016
284,MrBeast en Español,"20,700,000","2,290,112,686",72,Entertainment,2021
285,Charlie Puth,"20,700,000","8,609,202,215",132,Music,2009
286,Canal Canalha,"20,700,000","1,834,293,432",291,Comedy,2011
287,Goldmines Cineplex,"20,600,000","1,796,017,693","2,474",Film & Animation,2015
288,Brent Rivera,"20,500,000","4,655,819,045",484,Comedy,2009
289,Family GamesTV,"20,400,000","7,061,690,830",277,Entertainment,2016
290,Tekashi 6ix9ine,"20,400,000","5,325,195,339",25,People & Blogs,2018
291,Disney Latinoamérica,"20,400,000","19,296,050,086","7,811",Entertainment,2007
292,National Geographic,"20,400,000","5,199,519,260","9,854",Science & Technology,2006
293,Kids TV - Nursery Rhymes And Baby Songs,"20,400,000","11,747,446,967","3,367",Shows,2013
294,Becky G,"20,400,000","9,552,800,638",73,Music,2011
295,Jake Paul,"20,400,000","7,219,140,294",934,People & Blogs,2013
296,Brave Wilderness,"20,300,000","4,606,459,332",718,Pets & Animals,2014
297,BuzzFeedVideo,"20,300,000","17,755,714,250","7,347",People & Blogs,2011
298,D Billions,"20,200,000","21,872,499,520",429,,2019
299,Avicii,"20,200,000","9,499,913,181",149,Music,2009
300,StarPlus,"20,100,000","12,116,551,500","12,702",Entertainment,2006
301,AuthenticGames,"20,100,000","8,852,635,760","4,638",Gaming,2011
302,REACT,"20,100,000","12,940,702,514","3,885",Entertainment,2007
303,LazarBeam,"20,100,000","8,389,982,773","1,258",Gaming,2015
304,HaerteTest,"20,000,000","3,027,361,293","1,160",Science & Technology,2011
305,Rotana,"20,000,000","16,480,938,259","8,109",Music,2012
306,Vevo,"20,000,000","546,905,035","1,519",Music,2006
307,SlivkiShow,"20,000,000","4,345,234,891",426,Entertainment,2012
308,Skrillex,"20,000,000","6,307,539,008",180,Music,2010
309,Ultra Movie Parlour,"20,000,000","4,930,920,530","1,302",Movies,2011
310,JennaMarbles,"19,900,000","1,761,774,908",250,Comedy,2010
311,Alan Becker,"19,900,000","4,321,286,202",116,Film & Animation,2006
312,5-Minute Crafts PLAY,"19,900,000","5,616,881,420","4,440",Howto & Style,2017
313,Lyrical Lemonade,"19,800,000","9,563,010,656",408,Entertainment,2013
314,Mnet K-POP,"19,800,000","15,394,134,862","29,028",Entertainment,2006
315,Pencilmation,"19,800,000","10,849,211,839","1,153",Film & Animation,2007
316,Totoy kids - Português,"19,700,000","3,826,474,945",174,Film & Animation,2014
317,Tlnovelas,"19,700,000","12,776,498,114","29,574",News & Politics,2013
318,Pentatonix,"19,700,000","5,694,327,707",235,Music,2011
319,Vlad and Niki Arabic,"19,600,000","9,147,535,900",417,,2018
320,LankyBox,"19,600,000","25,787,517,689","5,545",Comedy,2016
321,shane,"19,600,000","4,269,173,489",566,People & Blogs,2005
322,toyorbabytv,"19,600,000","13,978,892,435","1,057",Music,2012
323,Marvel Entertainment,"19,500,000","5,098,361,752","7,989",Entertainment,2005
324,Noor Stars,"19,500,000","2,545,886,796",627,Comedy,2014
325,Dr. Vivek Bindra: Motivational Speaker,"19,400,000","1,478,660,028",683,Education,2013
326,Got Talent Global,"19,400,000","7,383,775,138","2,454",Entertainment,2013
327,Romeo Santos,"19,400,000","14,819,598,563",28,Music,2005
328,GMA Public Affairs,"19,400,000","11,968,987,179","37,390",Entertainment,2009
329,Linkin Park,"19,300,000","11,783,975,855",592,Music,2006
330,Gordon Ramsay,"19,300,000","3,631,748,240","1,287",Entertainment,2006
331,Troom Troom Es,"19,200,000","7,139,476,227","2,591",People & Blogs,2016
332,Gusttavo Lima Oficial,"19,200,000","11,815,001,366",335,Music,2010
333,Infinite,"19,200,000","4,383,533,818","1,517",Entertainment,2014
334,Kinder Spielzeug Kanal,"19,200,000","9,413,508,600",699,Entertainment,2015
335,Deddy Corbuzier,"19,200,000","4,075,368,246","1,132",Entertainment,2009
336,Robin Hood Gamer,"19,100,000","9,328,209,625","3,750",Entertainment,2014
337,Minecraft - Topic,"19,100,000",,,,2013
338,★ Kids Roma Show,"19,100,000","6,410,853,410",589,People & Blogs,2015
339,Fatos Desconhecidos,"19,100,000","3,252,868,093","5,240",Entertainment,2013
340,JukiLop,"19,100,000","1,540,403,509",85,People & Blogs,2017
341,Kurzgesagt – In a Nutshell,"19,000,000","2,052,293,685",161,Education,2013
342,DLS News,"19,000,000","1,946,197,106","3,559",News & Politics,2017
343,Crafty Panda,"19,000,000","5,672,497,949",613,People & Blogs,2017
344,NBA,"18,900,000","10,791,851,871","42,086",Sports,2005
345,Jimmy Kimmel Live,"18,800,000","12,472,520,905","6,073",Entertainment,2006
346,Clash of Clans,"18,800,000","3,623,586,697",553,Gaming,2013
347,The ACE Family,"18,800,000","4,497,282,091",668,People & Blogs,2016
348,Sun TV,"18,700,000","13,622,998,578","34,648",People & Blogs,2016
349,Ninja Kidz TV,"18,700,000","9,145,485,770",267,Entertainment,2017
350,Beast Reacts,"18,700,000","2,528,480,817",215,People & Blogs,2016
351,Netflix India,"18,700,000","5,228,700,571","2,707",People & Blogs,2016
352,Lil Nas X,"18,600,000","5,659,051,618",37,Music,2018
353,TRT Originals Urdu,"18,600,000","7,370,103,100",740,Entertainment,2020
354,Britain's Got Talent,"18,600,000","10,512,530,241","3,735",Entertainment,2008
355,Green Gold TV - Official Channel,"18,500,000","8,985,315,647","1,090",Film & Animation,2011
356,TheWillyrex,"18,500,000","6,957,319,094","6,798",Comedy,2011
357,Calvin Harris,"18,500,000","14,886,853,329",76,Music,2007
358,Cardi B,"18,500,000","7,069,624,864",60,People & Blogs,2016
359,invictor,"18,500,000","7,050,721,828","2,106",Gaming,2013
360,shakiraVEVO,"18,400,000","22,257,341,033",189,Music,2009
361,Official Pink Panther,"18,300,000","9,942,133,522",629,Film & Animation,2013
362,CKN,"18,300,000","18,786,377,776",814,Entertainment,2015
363,Sonotek,"18,300,000","7,133,240,982","8,169",Entertainment,2011
364,HiMan,"18,200,000","2,367,699,484",326,People & Blogs,2014
365,Unbox Therapy,"18,200,000","4,332,532,776","2,053",Science & Technology,2010
366,CookieSwirlC,"18,200,000","20,938,593,710","3,571",Entertainment,2013
367,Turma da Mônica,"18,200,000","13,088,159,940","1,094",Film & Animation,2012
368,KBS WORLD TV,"18,200,000","13,926,619,677","58,485",Entertainment,2007
369,The Royalty Family,"18,200,000","4,490,004,408",633,People & Blogs,2017
370,MiawAug,"18,200,000","5,236,302,709","3,287",Gaming,2014
371,David Dobrik,"18,200,000","7,087,407,988",536,People & Blogs,2014
372,A_S Gaming,"18,200,000","2,476,464,261",932,Gaming,2016
373,GEN HALILINTAR,"18,100,000","3,178,960,318",969,Entertainment,2015
374,Dan-Sa / Daniel Saboya,"18,100,000","6,165,702,828","2,062",Music,2007
375,PDK Films,"18,100,000","3,910,330,714",108,Entertainment,2009
376,Vania Mania Kids,"18,100,000","6,908,411,472",825,People & Blogs,2015
377,BabyBus - Cerita & Lagu Anak-anak,"18,100,000","10,232,250,581",672,Education,2019
378,Vsauce,"18,000,000","2,415,927,927",391,Science & Technology,2007
379,Мирошка ТВ,"18,000,000","4,603,751,673",84,Education,2018
380,ElTrollino,"18,000,000","5,486,103,239","1,517",Entertainment,2013
381,TheOdd1sOut,"18,000,000","4,023,496,321",113,Comedy,2014
382,INCRÍVEL,"18,000,000","3,017,467,860","5,682",People & Blogs,2017
383,Emiway Bantai,"18,000,000","3,038,899,728",201,Music,2013
384,Diana and Roma EN,"17,900,000","3,868,166,958",424,People & Blogs,2011
385,Farruko,"17,900,000","8,480,000,414",193,Music,2009
386,Lele Pons,"17,800,000","4,958,584,356",154,Comedy,2015
387,Demi Lovato,"17,800,000","6,495,131,112",282,Music,2008
388,Like Nastya Vlog,"17,800,000","7,561,933,732",397,People & Blogs,2016
389,ArianaGrandeVevo,"17,800,000","19,011,269,725",177,Music,2010
390,Naisa Alifia Yuriza (N.A.Y),"17,800,000","2,521,515,641","1,462",People & Blogs,2017
391,Lil Pump,"17,800,000","4,091,109,829",59,Music,2015
392,TheGrefg,"17,700,000","6,077,820,746","3,332",Gaming,2012
393,Marmok,"17,700,000","3,131,925,799",344,Gaming,2008
394,Good Mythical Morning,"17,700,000","8,074,270,215","2,980",Entertainment,2008
395,Ali-A,"17,700,000","5,766,028,299","3,920",Gaming,2006
396,SCTV,"17,700,000","8,588,329,369","50,080",Entertainment,2011
397,JFlaMusic,"17,600,000","3,657,526,529",282,Music,2011
398,Village Cooking Channel,"17,600,000","4,477,436,881",211,Howto & Style,2018
399,Mother Goose Club Playhouse,"17,600,000","15,500,399,390","1,282",Shows,2009
400,Little Angel Español - Canciones Infantiles,"17,600,000","8,525,569,510",580,Education,2018
401,Познаватель,"17,600,000","8,522,826,642",476,Entertainment,2014
402,RsiamMusic : อาร์สยาม,"17,600,000","10,952,154,122","2,663",Music,2011
403,FactTechz,"17,500,000","2,112,929,572",578,Entertainment,2016
404,officialpsy,"17,400,000","9,825,292,199",119,Music,2010
405,Sebastián Yatra,"17,400,000","9,316,925,082",196,News & Politics,2013
406,Vlad and Niki IDN,"17,400,000","8,231,518,268",392,,2018
407,Porta dos Fundos,"17,400,000","7,258,838,590","1,960",Entertainment,2012
408,Liza Koshy,"17,400,000","2,595,554,113",189,Comedy,2013
409,Stubborn Facts,"17,300,000","827,786,482",217,Film & Animation,2016
410,TED-Ed,"17,300,000","3,287,834,094","1,948",Education,2011
411,Vijay Television,"17,300,000","19,901,616,359","27,059",Entertainment,2007
412,etvteluguindia,"17,300,000","19,465,295,267","111,360",Entertainment,2010
413,EeOneGuy,"17,200,000","3,804,413,513",363,Entertainment,2013
414,Masha e o Urso,"17,200,000","7,131,816,532",856,Shows,2016
415,Willyrex,"17,200,000","4,808,457,361","6,686",Gaming,2009
416,PopularMMOs,"17,200,000","14,475,783,059","4,686",Gaming,2012
417,RobleisIUTU,"17,200,000","4,680,573,231","1,145",Entertainment,2013
418,SQUEEZIE,"17,200,000","9,258,609,822","1,471",Gaming,2011
419,LuisFonsiVEVO,"17,100,000","14,008,585,257",96,Music,2009
420,GRAMMY GOLD OFFICIAL,"17,100,000","17,974,040,182","5,334",Music,2014
421,SUPER SLICK SLIME SAM,"17,100,000","6,078,466,417",741,Howto & Style,2018
422,李子柒 Liziqi,"17,100,000","2,801,548,472",128,Howto & Style,2017
423,HowToBasic,"17,100,000","3,561,001,854",563,Howto & Style,2011
424,Khan GS Research Centre,"17,000,000","1,670,639,781",347,Education,2019
425,Gaby and Alex,"17,000,000","7,942,553,236",351,Entertainment,2012
426,Kiddiestv Hindi - Nursery Rhymes & Kids Songs,"17,000,000","6,221,383,175",192,Education,2017
427,شبكة العاب العرب | Arab Games Network,"17,000,000","7,723,277,433","5,515",Gaming,2013
428,Rafa & Luiz,"17,000,000","6,273,315,738","2,184",Entertainment,2015
429,الـريماس - Al-Remas,"16,900,000","10,550,888,024","2,047",Music,2013
430,हिंदी - Genevieve's Playhouse,"16,900,000","9,195,178,282",96,Education,2018
431,Guava Juice,"16,900,000","8,614,218,175","1,754",Gaming,2006
432,Junya.じゅんや,"16,900,000","9,529,205,653","3,150",Entertainment,2020
433,IGN,"16,800,000","14,633,922,961","149,770",Gaming,2006
434,Doggy Doggy Cartoons,"16,800,000","6,459,285,262","4,723",Entertainment,2012
435,Maya and Mary,"16,800,000","6,304,251,610",539,Entertainment,2013
436,Jason Derulo,"16,800,000","8,808,599,101",451,Music,2008
437,Jane ASMR 제인,"16,700,000","6,443,586,305","1,546",,2012
438,Anitta,"16,700,000","6,610,175,435",99,Music,2011
439,DUDU e CAROL,"16,700,000","6,530,946,230","2,874",Autos & Vehicles,2013
440,Triggered Insaan,"16,700,000","2,657,491,028",265,Comedy,2014
441,Werever2morro,"16,700,000","2,714,071,108",972,Entertainment,2007
442,Tu COSMOPOLIS,"16,600,000","4,875,900,353","6,796",People & Blogs,2014
443,7clouds,"16,600,000","11,637,964,945","1,940",Music,2013
444,DeToxoMoroxo,"16,600,000","2,212,149,791",488,Entertainment,2012
445,Manual do Mundo,"16,500,000","3,367,572,384","2,117",Howto & Style,2006
446,Sourav Joshi Vlogs,"16,500,000","5,970,849,535","1,039",People & Blogs,2019
447,TheBrianMaps,"16,500,000","4,090,289,417",476,Comedy,2012
448,Dhar Mann,"16,400,000","8,642,459,264",649,People & Blogs,2018
449,IDEAS EN 5 MINUTOS,"16,400,000","3,509,049,258","4,658",Howto & Style,2017
450,SonyMusicSouthVEVO,"16,400,000","15,090,557,603","4,304",Music,2014
451,zbing z.,"16,400,000","8,307,904,773","2,763",Gaming,2014
452,Goldmines Great Indian Comedy,"16,300,000","4,238,595,667","2,008",Film & Animation,2016
453,W2S,"16,300,000","4,739,609,055",653,Gaming,2012
454,Prajapati News,"16,300,000","907,965,523","1,081",Comedy,2013
455,Shemaroo Comedy,"16,300,000","4,923,411,314","3,467",Entertainment,2007
456,ExtraPolinesios,"16,300,000","4,696,367,446",480,People & Blogs,2012
457,SOMOY TV,"16,200,000","9,476,895,180","124,072",News & Politics,2015
458,Sidhu Moose Wala,"16,200,000","4,078,330,367",111,Music,2017
459,Sandra Cires Art,"16,200,000","3,702,173,328",953,Howto & Style,2011
460,Sony AATH,"16,200,000","10,718,891,416","14,759",Shows,2013
461,Miley Cyrus,"16,200,000","6,235,405,830",124,Entertainment,2009
462,tanboy kun,"16,200,000","3,020,272,233",582,People & Blogs,2016
463,The Game Theorists,"16,100,000","3,546,490,692",659,Gaming,2009
464,Sidemen,"16,100,000","4,196,033,350",264,Entertainment,2015
465,Canal IN,"16,100,000","2,573,050,059",723,People & Blogs,2017
466,Les' Copaque Production,"16,100,000","7,954,662,776","1,427",Film & Animation,2009
467,Blippi - Educational Videos for Kids,"16,100,000","12,991,967,769",453,Education,2014
468,Zuni and Family,"16,100,000","5,830,669,187",176,People & Blogs,2017
469,Travis Scott,"16,100,000","7,187,033,169",13,Music,2013
470,Queen Official,"16,100,000","9,723,539,941",908,Music,2008
471,Antrax,"16,100,000","2,949,891,202",654,Gaming,2015
472,RKD Studios,"16,000,000","4,133,234,619",622,Entertainment,2014
473,FailArmy,"16,000,000","2,041,620,563",337,Comedy,2011
474,Dushyant kukreja,"16,000,000","11,095,340,736",571,Entertainment,2015
475,TRANS TV Official,"16,000,000","8,780,937,851","123,467",Entertainment,2014
476,Little Mix,"16,000,000","7,047,968,268",278,Music,2011
477,Marques Brownlee,"15,900,000","3,082,486,680","1,454",Science & Technology,2008
478,El Reino a Jugar,"15,900,000","10,175,537,321",872,Education,2015
479,VICE,"15,900,000","4,174,962,442","3,694",Entertainment,2005
480,DopeLyrics,"15,900,000","9,803,533,121","1,937",Music,2016
481,Kaykai Salaider,"15,900,000","4,248,704,474",399,Comedy,2011
482,jeffreestar,"15,900,000","2,575,183,135",428,Howto & Style,2006
483,Fede Vigevani,"15,900,000","4,745,414,554",865,Howto & Style,2009
484,Camila Cabello,"15,900,000","6,086,165,889",61,Music,2015
485,Apple,"15,900,000","808,136,104",205,Science & Technology,2005
486,Boyce Avenue,"15,900,000","6,230,190,520",438,Music,2007
487,Kids Play,"15,800,000","7,713,981,883",545,Entertainment,2018
488,MissaSinfonia,"15,800,000","1,918,777,559",232,Comedy,2011
489,Aayu and Pihu Show,"15,800,000","7,837,311,552",352,Comedy,2017
490,JJ Olatunji,"15,800,000","3,631,494,389","1,183",Gaming,2011
491,Katie Angel,"15,800,000","3,007,947,714",732,People & Blogs,2015
492,Matt Stonie,"15,700,000","3,249,162,653",401,Entertainment,2012
493,Rotten Tomatoes Trailers,"15,700,000","12,811,981,848","9,582",Film & Animation,2011
494,Caeli YT,"15,700,000","1,509,244,860",545,Entertainment,2010
495,AMARINTV : อมรินทร์ทีวี,"15,700,000","11,194,074,075","97,231",Entertainment,2014
496,Jennifer Lopez,"15,700,000","9,512,025,119",224,Music,2005
497,Pitbull,"15,700,000","11,458,130,113",302,Music,2006
498,Jason Vlogs,"15,700,000","7,137,778,517",666,Education,2015
499,Alejo Igoa,"15,700,000","5,276,127,016",699,Comedy,2014
500,Enes Batur,"15,700,000","9,410,061,135","1,979",Gaming,2012
501,AdMe,"15,600,000","4,012,749,893","5,356",Entertainment,2015
502,Tilak,"15,600,000","6,132,515,137","3,614",Film & Animation,2020
503,Pop Chartbusters,"15,600,000","7,817,983,360","2,154",Music,2011
504,Roman Atwood Vlogs,"15,500,000","5,442,036,950","1,726",People & Blogs,2013
505,News24,"15,500,000","5,982,443,648","157,377",News & Politics,2014
506,Dyland PROS,"15,500,000","1,294,519,810","1,803",Entertainment,2015
507,FunFun Toy Doll TV,"15,500,000","6,948,469,648",706,Entertainment,2016
508,wifistudy,"15,400,000","2,805,232,542","46,290",Education,2014
509,Smile Family Spanish,"15,400,000","5,534,075,089",343,,2019
510,Gato Galactico | GALÁXIA,"15,400,000","5,602,802,498","2,085",Film & Animation,2013
511,FitDance,"15,400,000","6,541,827,030","3,537",Music,2013
512,Live,"15,300,000",,,,2015
513,RCTI - LAYAR DRAMA INDONESIA,"15,300,000","12,818,689,835","58,886",Entertainment,2015
514,Camilo,"15,200,000","6,003,697,328",80,Music,2010
515,Musas,"15,200,000","2,359,375,167",611,Howto & Style,2012
516,Oyuncak Avı,"15,200,000","8,085,387,780",544,Entertainment,2014
517,Bizarrap,"15,200,000","4,683,488,651",78,Comedy,2017
518,T3ddy,"15,200,000","2,528,566,554","1,700",Comedy,2012
519,SriBalajiMovies,"15,200,000","8,199,671,601","16,953",Entertainment,2011
520,Keraji 5-Menit,"15,200,000","4,465,727,515","3,392",People & Blogs,2018
521,AdeleVEVO,"15,200,000","11,470,355,227",51,Music,2009
522,Dan Rhodes,"15,100,000","10,715,145,365","1,315",Entertainment,2015
523,With Kids[위드키즈],"15,100,000","7,990,515,155",863,Entertainment,2012
524,Technoblade,"15,100,000","1,488,692,745",988,Gaming,2013
525,LOKESH GAMER,"15,100,000","1,535,589,708","1,186",Gaming,2017
526,TheRichest,"15,100,000","2,919,203,136","2,206",Education,2014
527,And TV,"15,100,000","11,583,824,903","26,477",Entertainment,2015
528,Ch7HD,"15,000,000","11,688,798,550","49,889",Entertainment,2010
529,POPS Kids,"15,000,000","8,678,492,072","4,478",Music,2014
530,Makiman131,"15,000,000","4,484,263,923","3,102",Gaming,2013
531,Like Nastya VNM,"15,000,000","8,132,415,475",456,Entertainment,2019
532,حِرف إبداعية في 5 دقائق,"15,000,000","4,160,511,912","4,404",Howto & Style,2017
533,Stokes Twins,"15,000,000","2,774,875,062",216,People & Blogs,2008
534,5-Minute Crafts FAMILY,"15,000,000","5,438,131,771","3,440",People & Blogs,2018
535,SAM SMITH,"15,000,000","8,769,075,543",67,Music,2012
536,zayn,"15,000,000","4,559,692,349",14,Music,2016
537,Ranz Kyle,"15,000,000","1,678,559,984",479,People & Blogs,2008
538,Like Nastya IDN,"15,000,000","6,483,845,834",430,Entertainment,2019
539,НТВ,"14,900,000","439,098",1,People & Blogs,2008
540,Volga Video,"14,900,000","9,171,517,368","18,735",Film & Animation,2012
541,Mariale,"14,900,000","2,568,493,946","1,918",Howto & Style,2010
542,Harsh Beniwal,"14,900,000","1,630,452,954",158,Comedy,2015
543,Kwebbelkop,"14,900,000","6,655,475,239","4,951",Gaming,2008
544,Talking Tom & Friends,"14,900,000","6,178,735,188",392,Entertainment,2010
545,Lahari Music | T-Series,"14,900,000","10,469,251,425","8,169",Music,2011
546,Henrique e Juliano,"14,900,000","12,484,253,152",285,Music,2009
547,MrBeast Shorts,"14,800,000","1,938,796,955",87,People & Blogs,2020
548,ERB,"14,800,000","3,905,723,697",85,Entertainment,2006
549,GMMTV OFFICIAL​​,"14,800,000","10,387,146,066","19,368",Entertainment,2010
550,La Rosa de Guadalupe,"14,800,000","8,349,695,433","5,225",Entertainment,2015
551,Reaction Time,"14,800,000","4,255,591,418","1,684",Entertainment,2015
552,Niana Guerrero,"14,800,000","1,359,023,136",391,Entertainment,2013
553,League of Legends,"14,800,000","6,604,382,784","1,340",Gaming,2009
554,YOLO AVENTURAS,"14,800,000","3,689,834,035",976,People & Blogs,2018
555,Super Senya,"14,800,000","4,790,199,895",525,Entertainment,2016
556,BIGBANG,"14,800,000","7,353,265,213",776,Music,2005
557,Dave and Ava - Nursery Rhymes and Baby Songs,"14,800,000","9,864,262,216",732,Education,2014
558,Lachlan,"14,800,000","5,013,387,703","3,646",Gaming,2013
559,iTownGamePlay *Terror&Diversión*,"14,700,000","4,784,433,628","7,674",Entertainment,2012
560,MK MUSIC,"14,700,000","7,773,089,325","4,624",Music,2010
561,Zé Neto e Cristiano,"14,700,000","10,398,104,437",212,Music,2012
562,Linus Tech Tips,"14,700,000","6,062,569,897","5,864",Science & Technology,2008
563,IDEIAS INCRÍVEIS,"14,700,000","3,498,040,367","4,643",Howto & Style,2017
564,Dangal TV Channel,"14,700,000","8,282,592,676","8,625",Entertainment,2017
565,NDTV India,"14,700,000","5,647,481,648","65,241",News & Politics,2008
566,les boys tv2,"14,700,000","4,518,966,874",381,Entertainment,2017
567,Planeta das Gêmeas,"14,700,000","4,468,774,867",899,People & Blogs,2015
568,LEGENDA FUNK,"14,600,000","1,310,544,121","2,250",Music,2013
569,Maroon5VEVO,"14,600,000","18,917,303,323",143,Music,2009
570,Daftar Populer,"14,600,000","1,859,586,741","2,898",Education,2017
571,Jorge & Mateus Oficial,"14,600,000","7,981,563,626",294,Music,2008
572,Lilly Singh,"14,600,000","3,480,250,258",858,Comedy,2010
573,Major Lazer Official,"14,600,000","8,886,913,617",407,Music,2009
574,MattyBRaps,"14,600,000","3,226,020,734",175,Music,2010
575,BBC News Hindi,"14,600,000","5,544,547,819","16,437",News & Politics,2009
576,NMF News,"14,600,000","6,090,840,731","95,987",News & Politics,2013
577,SelenaGomezVEVO,"14,500,000","10,323,589,482",183,Music,2009
578,Maha Fun Tv,"14,500,000","2,385,190,008",51,Entertainment,2017
579,News18 India,"14,500,000","5,069,817,134","120,858",News & Politics,2007
580,CollegeHumor,"14,500,000","7,331,868,655","3,307",Comedy,2006
581,Fueled By Ramen,"14,500,000","12,629,200,270","1,190",Music,2006
582,Wow Kidz Action,"14,500,000","6,378,481,319","1,445",Film & Animation,2017
583,Drawblogs,"14,500,000","1,694,934,569",362,Entertainment,2014
584,Zhong,"14,500,000","9,685,321,623","1,081",Entertainment,2015
585,El Payaso Plim Plim,"14,500,000","12,573,029,533",992,Film & Animation,2013
586,Thairath Online,"14,500,000","11,995,915,981","209,097",News & Politics,2010
587,Bollywood Classics,"14,500,000","6,036,342,725","1,147",Entertainment,2011
588,Canal Nostalgia,"14,500,000","1,416,689,094",370,Entertainment,2008
589,XpressTV,"14,500,000","3,644,137,000",630,Entertainment,2014
590,Mobile Legends: Bang Bang Official,"14,500,000","2,655,046,551","2,410",Gaming,2016
591,حقائق وأسرار,"14,500,000","2,175,911,149","1,312",Entertainment,2016
592,Team Films Bhojpuri,"14,400,000","6,164,527,861","20,085",Music,2014
593,Дима Масленников,"14,400,000","2,013,234,398",401,Entertainment,2014
594,LIV Crime,"14,400,000","7,061,275,751","4,281",People & Blogs,2020
595,TWICE,"14,400,000","3,733,683,543",852,Music,2016
596,Arif muhammad,"14,400,000","3,400,090,845",428,People & Blogs,2017
597,Boram Tube ToysReview [보람튜브 토이리뷰],"14,400,000","4,914,128,767",568,People & Blogs,2016
598,The Slow Mo Guys,"14,400,000","2,346,592,288",297,Entertainment,2010
599,Cyprien,"14,400,000","3,005,899,595",205,Comedy,2007
600,Fifth Harmony,"14,400,000","7,526,971,366",67,Music,2013
601,Chad Wild Clay,"14,400,000","6,161,605,244",630,Comedy,2006
602,Rclbeauty101,"14,400,000","3,919,524,704",478,Comedy,2010
603,Super Polina,"14,400,000","4,812,187,551",539,People & Blogs,2014
604,Martin Garrix,"14,400,000","5,558,117,744",305,Music,2011
605,mujjuu___14,"14,300,000","9,548,597,909",556,People & Blogs,2020
606,Zach King,"14,300,000","2,014,152,450",398,Entertainment,2013
607,Gyan Gamingㅤ,"14,300,000","2,081,351,545","2,514",Gaming,2017
608,PlayStation,"14,300,000","4,230,572,281","17,878",Gaming,2005
609,It's Mamix,"14,300,000","1,547,521,967",200,People & Blogs,2017
610,Genierock,"14,300,000","13,310,308,313","1,540",Music,2008
611,Camila Loures,"14,200,000","4,189,052,804","3,429",Music,2014
612,Zach Choi ASMR,"14,200,000","2,512,937,687",638,People & Blogs,2014
613,Mohamed Ramadan I محمد رمضان,"14,200,000","4,812,994,887",599,People & Blogs,2014
614,Hear This Music,"14,200,000","8,511,385,256",38,Music,2016
615,Unspeakable,"14,200,000","7,365,642,885",668,Gaming,2016
616,SIS vs BRO,"14,200,000","6,767,838,159",357,Entertainment,2016
617,Totoy kids - Español,"14,200,000","4,533,034,236",167,Film & Animation,2017
618,Trap City,"14,200,000","4,885,163,357","2,554",Music,2012
619,Anasala I أنس و أصالة,"14,100,000","3,068,619,934",407,Entertainment,2017
620,ช่อง8 : Thai Ch8,"14,100,000","5,221,155,648","20,582",Entertainment,2011
621,Zee Music Classic,"14,100,000","5,021,164,640",964,Music,2014
622,ABS-CBN News,"14,100,000","9,438,904,191","174,684",News & Politics,2009
623,MalumaVEVO,"14,100,000","17,905,081,262",168,Music,2011
624,Daily Dose Of Internet,"14,100,000","4,265,711,762",396,Entertainment,2015
625,#Refugio Mental,"14,100,000","3,410,001,605",688,Entertainment,2013
626,Invento na Hora,"14,100,000","3,851,507,257","1,189",Film & Animation,2014
627,Мастерская Настроения,"14,000,000","3,636,809,960",891,Entertainment,2013
628,Трум Трум,"14,000,000","6,272,005,457","1,987",Howto & Style,2015
629,O Canal do Joãozinho - Little Angel Português,"14,000,000","7,752,154,061",649,Entertainment,2018
630,F2Freestylers - Ultimate Soccer Skills Channel,"14,000,000","3,152,582,636",777,Sports,2011
631,AM3NlC,"14,000,000","4,816,638,383","5,446",Gaming,2012
632,Aphmau,"14,000,000","13,364,784,369","3,996",Gaming,2012
633,DM - Desi Melodies,"13,900,000","5,056,080,182",45,Music,2017
634,EdisonPts,"13,900,000","5,606,959,168","3,490",Gaming,2013
635,A2 Motivation by {Arvind Arora},"13,900,000","8,013,016,996","2,340",Entertainment,2017
636,Doc Tops,"13,900,000","2,469,411,668",437,Entertainment,2014
637,NikkieTutorials,"13,900,000","1,562,768,226",852,Howto & Style,2008
638,Mis Pastelitos,"13,900,000","2,382,268,150",534,Howto & Style,2014
639,CoryxKenshin,"13,900,000","5,816,295,650","1,628",Gaming,2009
640,Saad Lamjarred | سعد لمجرد,"13,900,000","3,931,202,248",156,Music,2012
641,Taarak Mehta Ka Ooltah Chashmah,"13,900,000","8,048,210,407","2,519",Entertainment,2014
642,Bie The Ska,"13,900,000","4,427,609,230","1,349",Entertainment,2006
643,UFC - Ultimate Fighting Championship,"13,900,000","5,422,335,319","12,258",Sports,2006
644,Kuplinov ► Play,"13,900,000","5,778,034,318","6,400",Gaming,2012
645,Rosanna Pansino,"13,800,000","4,057,054,946","1,007",Howto & Style,2010
646,Daniel LaBelle,"13,800,000","7,013,383,323",224,Comedy,2009
647,melanie martinez,"13,800,000","3,835,968,267",96,Music,2007
648,Blippi Español,"13,800,000","7,685,405,847",408,People & Blogs,2017
649,Auron,"13,800,000","2,583,408,205",694,People & Blogs,2013
650,FC Barcelona,"13,800,000","2,203,376,862","9,960",Sports,2006
651,Hongyu ASMR 홍유,"13,700,000","4,285,457,943",515,People & Blogs,2018
652,NichLmao,"13,700,000","7,269,291,992",562,People & Blogs,2018
653,Mazhavil Manorama,"13,700,000","13,822,177,908","70,454",Entertainment,2011
654,Wengie,"13,700,000","1,882,235,841",373,Howto & Style,2010
655,MNCTV OFFICIAL,"13,700,000","7,394,853,164","54,722",Entertainment,2012
656,Dang Matt Smith,"13,700,000","3,101,895,284","1,372",Entertainment,2011
657,ADEL et SAMI,"13,700,000","5,660,289,473",362,Entertainment,2018
658,MAIKI021,"13,700,000","1,893,820,151","2,919",Entertainment,2008
659,Darkar Company Studios,"13,700,000","2,201,167,967",164,Film & Animation,2009
660,NOBRU,"13,700,000","225,191,097",344,Gaming,2016
661,50 Cent,"13,600,000","8,649,139,354",417,Music,2007
662,CrashCourse,"13,600,000","1,699,669,363","1,436",Education,2006
663,Lyna,"13,600,000","5,801,199,256","4,452",Gaming,2014
664,GMM25Thailand,"13,600,000","8,727,207,691","53,533",Entertainment,2011
665,TazerCraft,"13,600,000","5,325,454,303","3,977",Gaming,2011
666,Neha Kakkar,"13,500,000","1,792,757,553",122,Music,2012
667,5-Minute Crafts Recycle,"13,500,000","7,508,843,409","2,770",People & Blogs,2019
668,The World Adventures हिन्दी,"13,500,000","2,116,009,610",854,People & Blogs,2016
669,Aadishakti Films,"13,500,000","5,860,777,243","4,599",Music,2016
670,Zig & Sharko,"13,500,000","8,306,091,825",826,Film & Animation,2015
671,infobells,"13,500,000","4,977,566,807",463,Education,2011
672,PlayHard,"13,500,000","1,926,532,344","2,138",Gaming,2014
673,ABC News,"13,400,000","11,589,784,991","71,206",News & Politics,2006
674,Wesley Safadão,"13,400,000","7,301,307,830",371,Music,2009
675,Harry Styles,"13,400,000","4,427,208,053",13,People & Blogs,2017
676,Jake Fellman,"13,400,000","10,047,123,955",352,Entertainment,2012
677,ZEE5,"13,400,000","15,778,544,226","69,731",Entertainment,2018
678,Gallina Pintadita,"13,400,000","9,054,727,117",59,Music,2011
679,YOLO,"13,400,000","638,326,662",117,Comedy,2015
680,FAPTV,"13,400,000","4,975,821,188",595,Comedy,2014
681,Narins Beauty,"13,400,000","2,046,344,368",406,Howto & Style,2014
682,TV Ana Emilia,"13,400,000","4,344,884,807",493,People & Blogs,2014
683,Kurt Hugo Schneider,"13,400,000","3,659,613,327",681,Entertainment,2007
684,AzzyLand,"13,400,000","6,045,422,126","1,620",Gaming,2015
685,Kim Loaiza,"13,400,000","1,092,248,349",12,Music,2019
686,Telemundo,"13,400,000","7,855,326,888","18,325",Entertainment,2007
687,Lindsey Stirling,"13,400,000","3,533,680,308",172,Music,2007
688,Wish 107.5,"13,300,000","5,259,245,361","1,552",Music,2014
689,H2ODelirious,"13,300,000","4,229,571,870","3,027",Gaming,2007
690,Atlantic Records,"13,300,000","11,695,828,552","1,421",Music,2006
691,jbalvinVEVO,"13,300,000","19,691,312,985",235,Music,2010
692,123 GO! Spanish,"13,200,000","4,639,173,668",340,People & Blogs,2019
693,PrestonPlayz,"13,200,000","4,655,009,420",694,Gaming,2018
694,Anaysa,"13,200,000","3,173,575,287",490,Howto & Style,2012
695,Vlad and Niki ARA,"13,200,000","6,282,100,713",404,,2019
696,MyMissAd,"13,200,000","4,522,774,674",275,People & Blogs,2014
697,JD Pantoja,"13,200,000","1,380,896,972",16,People & Blogs,2017
698,ETV Jabardasth,"13,100,000","12,102,023,764","7,805",People & Blogs,2015
699,SRK MUSIC,"13,100,000","5,680,652,976","4,895",Music,2012
700,The Q,"13,100,000","4,064,473,466",276,People & Blogs,2017
701,MSA previously My Story Animated,"13,100,000","5,149,512,811",838,Film & Animation,2019
702,The LaBrant Fam,"13,100,000","4,606,244,054",586,Comedy,2012
703,Matheus Yurley,"13,100,000","741,066,278",238,Entertainment,2015
704,theRadBrad,"13,100,000","5,791,129,136","7,672",Gaming,2006
705,Desi Gamers,"13,100,000","1,938,724,616","1,223",Gaming,2015
706,Vlad and Niki ESP,"13,100,000","4,846,410,942",409,,2018
707,Conor Maynard,"13,000,000","2,581,452,824",282,Music,2006
708,Поззи,"13,000,000","6,244,275,339","3,000",People & Blogs,2012
709,ГЛЕНТ,"13,000,000","926,279,238",221,People & Blogs,2019
710,EnriqueIglesiasVEVO,"13,000,000","14,773,705,750",137,Music,2009
711,The MriDul,"13,000,000","3,545,774,062",96,Comedy,2015
712,Calon Sarjana,"13,000,000","10,664,585",29,Entertainment,2016
713,DALLMYD,"13,000,000","1,738,311,790",616,Sports,2011
714,Saturday Night Live,"13,000,000","13,581,231,885","7,996",Entertainment,2013
715,O Reino Infantil,"12,900,000","9,539,435,945","1,055",Music,2014
716,Alex Gonzaga Official,"12,900,000","1,300,528,162",238,People & Blogs,2017
717,Gulshan Kalra,"12,900,000","6,130,500,064",339,Howto & Style,2018
718,twenty one pilots,"12,900,000","4,621,224,472",173,Music,2009
719,Matt Steffanina,"12,900,000","2,970,575,636",486,Entertainment,2011
720,The Shiny Peanut,"12,900,000","2,839,759,455","2,331",Education,2016
721,ATHLEAN-X™,"12,900,000","2,162,786,560","1,296",Howto & Style,2006
722,BeyoncéVEVO,"12,900,000","13,130,570,880",167,Music,2009
723,Everson Zoio,"12,900,000","990,362,305",587,Comedy,2009
724,Coke Studio,"12,900,000","3,274,234,309",529,Music,2014
725,O Que Não Dizer Oficial,"12,900,000","1,636,814,649",511,Comedy,2015
726,How Ridiculous,"12,900,000","5,543,670,656",390,Sports,2009
727,NishaMadhulika,"12,900,000","2,639,885,987","1,931",Howto & Style,2009
728,Dear Sir,"12,800,000","918,548,566",482,Education,2016
729,MrSuicideSheep,"12,800,000","6,722,961,376","3,212",Entertainment,2010
730,Zee Telugu,"12,800,000","6,224,195,587","86,735",Entertainment,2008
731,BBC News,"12,800,000","3,841,146,030","16,397",News & Politics,2006
732,Crazy Frog,"12,800,000","6,887,508,307",33,Music,2009
733,Infobells Bangla,"12,800,000","6,165,983,944",284,Education,2016
734,CookingShooking Hindi,"12,800,000","1,609,903,713",393,People & Blogs,2017
735,PowerfulJRE,"12,800,000","2,266,640,311",765,People & Blogs,2013
736,SMOL,"12,800,000","13,067,020,729","1,960",People & Blogs,2021
737,T-Series Hamaar Bhojpuri,"12,800,000","6,334,967,135","9,347",Entertainment,2011
738,Typical Gamer,"12,800,000","3,948,852,379","3,931",Gaming,2008
739,Hacksmith,"12,800,000","1,343,814,218",745,Science & Technology,2006
740,Katakit Baby TV,"12,800,000","5,243,185,280",169,Music,2010
741,Ray William Johnson,"12,800,000","6,682,031,898","1,354",Entertainment,2008
742,RedeTV,"12,800,000","8,366,717,082","36,800",Entertainment,2011
743,Tsuriki Show,"12,700,000","19,472,063,469","1,617",Entertainment,2019
744,Ei Nerd,"12,700,000","3,207,538,507","5,219",Entertainment,2013
745,Jazzghost,"12,700,000","4,639,145,138","5,111",Gaming,2012
746,#Refúgio Mental,"12,700,000","2,582,093,496",758,Entertainment,2013
747,NickiMinajAtVEVO,"12,700,000","8,367,047,990",93,Music,2010
748,Top Viral Talent,"12,700,000","6,503,369,315","2,282",Entertainment,2014
749,أترو/Atro,"12,700,000","2,138,416,538","1,544",Gaming,2017
750,Like Nastya Stories,"12,700,000","6,055,781,883",389,Entertainment,2019
751,Hungria Hip Hop,"12,600,000","3,960,601,978",44,Music,2013
752,T-Series Regional,"12,600,000","5,169,203,026","15,573",Entertainment,2011
753,TKOR,"12,600,000","3,337,753,407","1,430",Education,2010
754,Crescendo com Luluca,"12,600,000","4,241,651,530","1,107",Entertainment,2015
755,SAAIHALILINTAR,"12,600,000","1,104,329,570",405,Entertainment,2012
756,That Little Puff,"12,600,000","10,768,365,983",542,Pets & Animals,2020
757,BIBO와 장난감,"12,600,000","2,875,252,577",152,Entertainment,2016
758,Goldmines Premiere,"12,600,000","1,629,550,071",530,Entertainment,2013
759,Veritasium,"12,600,000","1,795,358,843",336,Education,2010
760,Lady Diana,"12,600,000","7,265,803,610","1,273",Entertainment,2016
761,BBC,"12,600,000","8,830,704,358","12,973",Pets & Animals,2005
762,Health Time,"12,600,000","978,876,224","1,604",Howto & Style,2016
763,Blossom,"12,600,000","4,270,306,760",533,Howto & Style,2017
764,Ami Rodriguez,"12,600,000","1,986,603,595",358,Entertainment,2009
765,7 Minutoz,"12,600,000","3,916,931,694",511,Music,2012
766,Knowledge Tv हिन्दी,"12,500,000","1,446,664,137","1,041",People & Blogs,2014
767,Zee Bangla,"12,500,000","5,283,086,890","76,545",Entertainment,2008
768,StudyIQ IAS,"12,500,000","2,940,312,253","34,843",Education,2015
769,Lokdhun Punjabi,"12,500,000","4,372,757,487","1,399",Music,2010
770,Ja Mill,"12,500,000","1,302,818,088",567,People & Blogs,2016
771,Awakening Music,"12,500,000","4,944,109,812",709,Music,2006
772,Disney Junior,"12,500,000","11,451,399,743","3,261",Entertainment,2008
773,gymvirtual,"12,500,000","2,352,844,574","1,414",Sports,2010
774,Juliana Baltar,"12,500,000","3,211,108,711","1,431",Entertainment,2010
775,JesseAndMike,"12,500,000","9,102,860,878",630,Entertainment,2007
776,VexTrex,"12,500,000","7,198,667,373","3,133",Entertainment,2014
777,Parafernalha,"12,500,000","4,547,822,776","1,498",Entertainment,2011
778,Rebecca Zamolo,"12,500,000","4,747,533,461",856,Comedy,2011
779,DJ Khaled,"12,400,000","6,054,112,231",39,Music,2018
780,Sony Music South,"12,400,000","7,036,027,389","1,574",Music,2014
781,Ajay Sharma,"12,400,000","9,181,398,526",607,Entertainment,2012
782,Wolfoo Channel,"12,400,000","5,859,164,410","1,032",,2019
783,Melon City Show - برنامج ولاية بطيخ,"12,400,000","5,477,760,778","1,592",Comedy,2016
784,Brawl Stars,"12,400,000","1,796,220,780",130,Gaming,2017
785,LOUD,"12,400,000","2,305,594,041","1,126",Gaming,2019
786,karameeshchannel,"12,400,000","8,199,848,915","2,122",Entertainment,2012
787,People Vs Food,"12,400,000","959,616,512",384,Entertainment,2013
788,Piuzinho,"12,400,000","1,022,959,848",463,Gaming,2015
789,キッズライン♡Kids Line,"12,400,000","10,743,601,694","5,581",People & Blogs,2011
790,CaseyNeistat,"12,400,000","3,044,339,760","1,068",People & Blogs,2010
791,Meghan Trainor,"12,400,000","7,312,991,342",89,People & Blogs,2008
792,KOMPASTV,"12,400,000","9,025,460,804","225,232",News & Politics,2013
793,elliegoulding,"12,400,000","6,556,822,629",104,Music,2007
794,Jordan Matter,"12,400,000","3,368,183,197",355,Entertainment,2006
795,Kabita's Kitchen,"12,400,000","2,338,362,639","1,234",Howto & Style,2014
796,SR Toys Collection,"12,400,000","4,007,664,795",984,Entertainment,2012
797,Talking Angela,"12,400,000","3,284,897,861",204,Entertainment,2014
798,Adexe & Nau,"12,400,000","4,440,271,314",529,Music,2013
799,Peppa Pig em Português Brasil - Canal Oficial,"12,300,000","3,807,810,342","1,066",Film & Animation,2014
800,Little Baby Bum en Español,"12,300,000","6,706,548,354","1,182",Education,2014
801,Troom Troom PT,"12,300,000","4,219,567,300","2,430",Howto & Style,2015
802,JOJO TV - Hindi Stories,"12,300,000","4,679,118,911",925,Education,2016
803,Blockbuster Movies,"12,300,000","2,286,659,867",344,Entertainment,2016
804,DisneyChannelUK,"12,300,000","11,606,288,094","3,238",Music,2007
805,Gibby :),"12,300,000","2,761,291,454",203,People & Blogs,2014
806,The Dodo,"12,200,000","7,908,428,418","6,993",Pets & Animals,2014
807,Think Music India,"12,200,000","8,959,285,840","3,931",Music,2009
808,My Mate Nate,"12,200,000","2,748,616,115",981,Comedy,2014
809,Its JoJo Siwa,"12,200,000","3,817,813,233",707,Entertainment,2015
810,Troom Troom India,"12,200,000","6,308,397,105","2,070",Howto & Style,2015
811,Just For Laughs Gags,"12,200,000","7,856,644,944","6,411",Comedy,2007
812,HZHtube Kids Fun,"12,200,000","3,956,552,948",674,Entertainment,2015
813,ماشا و الدب,"12,200,000","6,201,317,137",751,Shows,2017
814,Come Play With Me,"12,200,000","14,390,156,987",367,Entertainment,2014
815,Wolfoo Family,"12,200,000","5,770,890,911","1,101",,2019
816,Mythpat,"12,200,000","2,590,550,091",322,Entertainment,2018
817,Bela Bagunça,"12,200,000","2,770,979,129",921,People & Blogs,2015
818,Future,"12,100,000","8,747,974,258",48,Music,2011
819,GMA News,"12,100,000","10,471,677,314","329,711",News & Politics,2007
820,Jass Records,"12,100,000","5,294,095,545","4,241",Music,2014
821,FIFA,"12,100,000","3,904,515,416","9,589",Sports,2006
822,Más SKabeche,"12,100,000","2,746,045,885",632,Travel & Events,2015
823,Codiscos,"12,100,000","9,823,385,812","6,967",Music,2007
824,DeGoBooM,"12,100,000","4,732,355,492","3,062",Gaming,2014
825,Davie504,"12,100,000","2,329,241,574",793,Entertainment,2011
826,Trakin Tech,"12,100,000","1,809,901,493","3,285",Science & Technology,2011
827,NDTV,"12,000,000","4,510,236,068","126,906",Entertainment,2006
828,Geo News,"12,000,000","5,358,131,096","153,929",News & Politics,2007
829,Panda,"12,000,000","2,004,584,036","1,408",,2018
830,Lana Del Rey,"12,000,000","5,676,001,571",40,Music,2011
831,RaptorGamer,"12,000,000","2,522,809,876","1,207",People & Blogs,2016
832,DaniRep | +6 Vídeos Diarios De GTA 5 Online!,"12,000,000","6,447,519,975","10,858",Gaming,2012
833,Migos ATL,"12,000,000","6,370,982,440",100,Music,2012
834,ChrisBrownVEVO,"12,000,000","12,493,403,632",290,Music,2009
835,Kylie Jenner,"12,000,000","753,341,022",148,People & Blogs,2015
836,Компот,"12,000,000","5,850,856,870","1,863",Gaming,2013
837,NORMAN FAIT DES VIDÉOS,"12,000,000","2,681,755,121",205,Comedy,2011
838,Narendra Modi,"12,000,000","2,265,382,511","17,104",News & Politics,2007
839,Troom Troom Indonesia,"11,900,000","5,012,830,809","1,568",People & Blogs,2019
840,Avril Lavigne,"11,900,000","5,636,275,144",140,Music,2005
841,KaKa Kids TV - Nursery Rhymes Kids Animated Songs,"11,900,000","4,115,401,899",310,,2013
842,Ice Cream Rolls,"11,900,000","1,469,047,858","1,528",Entertainment,2011
843,BanderitaX,"11,900,000","3,347,502,658","1,474",Gaming,2013
844,CHHOTU KI MASTI,"11,900,000","4,064,045,560",106,Comedy,2018
845,Planet Earth INDIA,"11,900,000","1,722,795,279",630,People & Blogs,2011
846,Azhan5star,"11,900,000","6,371,101,819",365,Entertainment,2021
847,The Infographics Show,"11,900,000","4,349,105,305","3,445",Education,2011
848,Sonotek Bhakti,"11,900,000","3,661,572,976","7,428",Entertainment,2010
849,Lulu99,"11,900,000","2,140,151,369",496,Entertainment,2015
850,colinfurze,"11,900,000","1,472,027,354",350,Entertainment,2006
851,Yair17,"11,900,000","1,248,384,511",962,Gaming,2014
852,Vogue,"11,900,000","3,533,048,715","2,756",Entertainment,2008
853,Yudist Ardhana,"11,900,000","3,925,624,169","2,126",Entertainment,2016
854,E-MasterSensei,"11,800,000","3,235,532,845","1,151",Gaming,2016
855,Jamuna TV,"11,800,000","9,144,058,244","84,071",News & Politics,2017
856,Technology Gyan,"11,800,000","920,996,435",924,Science & Technology,2015
857,CNCO,"11,800,000","6,881,836,992",172,Music,2015
858,Rauw Alejandro,"11,800,000","9,232,920,975",114,Music,2014
859,TsMadaan,"11,800,000","1,329,092,064","1,687",Howto & Style,2008
860,CalvinHarrisVEVO,"11,800,000","13,615,089,843",173,Music,2009
861,DANIEL EL TRAVIESO VIDEOS,"11,800,000","4,755,190,859",324,Comedy,2014
862,MORGENSHTERN,"11,800,000","2,085,751,416",131,Music,2013
863,Timba Vk,"11,800,000","2,538,254,830",890,Gaming,2012
864,Bispo Bruno Leonardo,"11,800,000","1,882,150,122","3,439",Nonprofits & Activism,2016
865,EU FICO LOKO,"11,800,000","1,190,135,430","1,605",Comedy,2010
866,MrGear,"11,800,000","3,241,537,148",766,Science & Technology,2015
867,TommyInnit,"11,800,000","1,590,238,217",289,Gaming,2015
868,Kluna Tik,"11,800,000","4,208,225,754",275,Entertainment,2014
869,MBC مصر,"11,800,000","7,784,893,932","40,608",Entertainment,2012
870,Kids TV India Hindi Nursery Rhymes,"11,800,000","5,473,328,070","1,185",Shows,2014
871,WiederDude,"11,800,000","2,190,306,341",259,,2016
872,Tfue,"11,800,000","1,461,546,183",741,Gaming,2014
873,Natti Natasha,"11,700,000","7,264,301,648",130,Music,2015
874,FFUNTV,"11,700,000","9,325,685,889",364,Gaming,2018
875,Koo Koo TV - Hindi,"11,700,000","4,265,761,191",927,Education,2017
876,Mor Haryanvi,"11,700,000","5,768,686,721",402,Music,2015
877,Netflix Jr.,"11,700,000","7,314,674,893","1,563",Education,2012
878,123 GO!,"11,700,000","4,356,636,895",377,People & Blogs,2019
879,Naz | ناز,"11,700,000","2,002,897,892",917,People & Blogs,2016
880,emma chamberlain,"11,700,000","1,531,833,342",283,Entertainment,2016
881,FrontaL Gaming,"11,700,000","255,073,454",108,Gaming,2015
882,Nat and Essie,"11,700,000","6,890,942,780",959,Film & Animation,2015
883,Rubius Z,"11,700,000","1,828,200,652",429,Comedy,2006
884,Machinima,"11,700,000",,,Film & Animation,2006
885,Luan Santana,"11,700,000","4,908,116,204",371,Music,2009
886,Wave Music Bhakti,"11,700,000","4,770,280,667","19,108",Music,2011
887,Dani Russo Tv,"11,700,000","602,060,711",280,Comedy,2014
888,SBT,"11,600,000","3,375,080,065","25,710",Comedy,2008
889,First We Feast,"11,600,000","2,485,814,338",819,Howto & Style,2014
890,Akon,"11,600,000","5,289,951,047",37,Music,2005
891,Луномосик,"11,600,000","5,052,785,110",460,People & Blogs,2015
892,Halsey,"11,600,000","4,412,088,740",51,Music,2014
893,Morgz,"11,600,000","2,723,781,007",735,Gaming,2014
894,Alan Chikin Chow,"11,600,000","11,876,297,990",508,Comedy,2020
895,eltrece,"11,600,000","11,106,097,841","149,786",Entertainment,2014
896,办公室小野 Ms Yeah,"11,600,000","3,339,092,378",351,People & Blogs,2017
897,Republic Bharat,"11,600,000","5,041,539,626","49,789",News & Politics,2019
898,Make Joke Of,"11,500,000","1,832,620,830",42,Comedy,2017
899,P!NK,"11,500,000","7,211,913,487",13,Music,2006
900,Wassabi,"11,500,000","4,592,238,139","1,119",Entertainment,2006
901,Garena Free Fire LATAM,"11,500,000","1,587,661,793","1,425",People & Blogs,2018
902,Luli Pampín,"11,500,000","6,102,648,062",225,Music,2012
903,LipaoGamer,"11,500,000","3,837,227,706","10,901",Gaming,2011
904,Hero Movies 2022,"11,500,000","1,418,615,214",329,People & Blogs,2017
905,TV9 Bharatvarsh,"11,500,000","7,314,674,032","193,940",People & Blogs,2018
906,YoungBoy Never Broke Again,"11,500,000","11,015,842,469",475,Entertainment,2015
907,Duo Tiempo De Sol,"11,500,000","5,733,616,887",278,Music,2013
908,Wild 'N Out,"11,500,000","4,418,589,089","1,267",Entertainment,2006
909,Black Eyed Peas,"11,400,000","9,492,696,997",39,Music,2007
910,웃웃TwinsFromRussia,"11,400,000","7,802,486,828","3,589",People & Blogs,2011
911,MC Divertida,"11,400,000","4,440,911,293",347,Entertainment,2018
912,MyLifeAsEva,"11,400,000","1,534,278,655",326,Comedy,2011
913,Biper y sus Amigos,"11,400,000","4,991,697,738",119,Music,2012
914,Маша та Ведмідь,"11,400,000","4,942,306,057",994,Shows,2014
915,CrazyRussianHacker,"11,400,000","3,011,607,663","1,970",Science & Technology,2012
916,infobells - Kannada,"11,400,000","5,209,512,047",353,Education,2014
917,BBC Earth,"11,400,000","4,069,124,046","2,248",Pets & Animals,2009
918,الجانب المُشرق | Bright Side Arabic,"11,400,000","1,605,101,022","5,063",Howto & Style,2018
919,ExpCaseros,"11,400,000","2,515,501,575","1,023",Howto & Style,2012
920,GoldminesAction,"11,400,000","1,069,320,125",529,Film & Animation,2015
921,YtCrash,"11,400,000","3,825,084",1,Education,2015
922,Vy Qwaint,"11,400,000","5,409,544,753",528,Howto & Style,2014
923,Annoying Orange,"11,400,000","7,893,769,128","1,861",Shows,2010
924,Jaiden Animations,"11,300,000","2,116,631,957",101,Film & Animation,2014
925,Ben Azelart,"11,300,000","2,294,003,189",236,Film & Animation,2014
926,Tiana,"11,300,000","3,176,486,598",997,Entertainment,2015
927,Lil Wayne,"11,300,000","5,335,786,775",254,Music,2013
928,Yoeslan,"11,300,000","8,789,109,127",240,Entertainment,2020
929,Yoga With Adriene,"11,300,000","1,188,547,722",649,Howto & Style,2012
930,Single Track Studio,"11,300,000","4,462,580,470","1,719",Entertainment,2010
931,Maymo,"11,300,000","4,918,241,216",486,Pets & Animals,2006
932,Free Fire India Official,"11,300,000","1,389,660,530","1,117",People & Blogs,2018
933,Ya - Alisa,"11,300,000","2,127,059,635",332,People & Blogs,2015
934,CaptainSparklez,"11,300,000","3,924,274,232","5,501",Gaming,2010
935,UnspeakableGaming,"11,300,000","4,826,278,522","2,444",Gaming,2012
936,Colors Rishtey,"11,300,000","8,954,781,989","13,423",Entertainment,2013
937,Simone e Simaria,"11,300,000","4,474,548,691",224,Music,2012
938,Star Casablanca | نجوم الدار البيضاء,"11,300,000","5,129,031,730",998,Music,2015
939,Quantum Tech HD,"11,300,000","3,594,122,308",392,Science & Technology,2015
940,elcarteldesantatv,"11,300,000","6,261,374,873",313,Music,2008
941,POCOYÓ en ESPAÑOL - Canal Oficial,"11,300,000","8,388,840,225","1,538",Film & Animation,2007
942,The Viral Fever,"11,200,000","1,656,301,737",433,Entertainment,2011
943,Pastor Antônio Júnior,"11,200,000","1,646,248,092","3,624",People & Blogs,2013
944,AlArabiya العربية,"11,200,000","5,892,643,162","129,135",People & Blogs,2006
945,DemiLovatoVEVO,"11,200,000","5,543,363,992",201,Music,2009
946,Cut,"11,200,000","4,846,700,433","1,738",Entertainment,2014
947,Lofi Girl,"11,200,000","1,311,726,533",328,Music,2015
948,Toys Make Me Smile,"11,200,000","4,562,854,224",102,Entertainment,2015
949,Magic Five,"11,200,000","1,753,589,438",405,Entertainment,2016
950,Fortnite,"11,200,000","2,123,231,155",792,Gaming,2014
951,Avocado Couple I Crazy Comics,"11,200,000","3,138,496,496",660,Film & Animation,2018
952,El Rincón De Giorgio,"11,200,000","1,543,663,972",551,Entertainment,2013
953,luzugames,"11,200,000","1,978,138,747","2,882",Gaming,2013
954,"せんももあいしーCh Sen, Momo, Ai & Shii","11,200,000","7,625,038,147","3,216",People & Blogs,2006
955,ChainsmokersVEVO,"11,200,000","11,415,809,929",231,Music,2012
956,Franco Escamilla,"11,200,000","3,344,578,049","2,053",Comedy,2007
957,CarryisLive,"11,200,000","1,371,995,657",893,Gaming,2017
958,Diana and Roma IND,"11,100,000","4,802,776,148",446,,2019
959,HellomaphieMX,"11,100,000","1,584,174,173",382,Howto & Style,2013
960,FunToys Collector Disney Toys Review,"11,100,000","15,050,447,314","2,910",Entertainment,2011
961,penguinz0,"11,100,000","5,768,785,195","3,952",Gaming,2007
962,BakLol Video,"11,100,000","3,250,851,179",257,Entertainment,2016
963,Acenix,"11,100,000","1,606,057,806",259,Gaming,2014
964,Genius,"11,100,000","2,891,052,624","2,797",Music,2011
965,Mo Vlogs,"11,100,000","2,933,099,311","1,906",People & Blogs,2013
966,Morphle TV,"11,100,000","7,586,526,902","1,126",Entertainment,2011
967,The Film Theorists,"11,100,000","2,242,892,562",355,Film & Animation,2014
968,Mrwhosetheboss,"11,100,000","1,793,692,542","1,435",Science & Technology,2011
969,Chotoonz TV - Funny Cartoons for Kids,"11,100,000","7,015,448,647","1,797",Film & Animation,2013
970,ToysPlay,"11,100,000","7,000,333,135",397,Entertainment,2015
971,MaJa Tv Moral Stories Fairy Tales,"11,100,000","4,132,213,251",449,Entertainment,2017
972,DisneyJuniorUK,"11,100,000","12,321,708,693","2,799",Entertainment,2010
973,Sky Does Everything,"11,100,000","3,823,868,578","2,101",Music,2011
974,Pari's Lifestyle,"11,100,000","6,680,703,649",356,People & Blogs,2018
975,Virgínia Fonseca,"11,100,000","1,246,793,263","1,047",People & Blogs,2016
976,bharatzkitchen HINDI,"11,100,000","1,903,304,025",626,Howto & Style,2016
977,Comedy Central,"11,100,000","6,297,139,999","5,841",Comedy,2006
978,Влад и Никита,"11,100,000","6,761,739,774",396,,2018
979,Doja Cat,"11,000,000","5,459,891,400",25,Music,2018
980,Wolfoo's stories,"11,000,000","4,227,479,765",942,,2016
981,Flamingo,"11,000,000","8,874,980,800","2,196",Gaming,2017
982,Flowers Comedy,"11,000,000","9,521,653,019","8,840",Entertainment,2015
983,Viih Tube,"11,000,000","886,497,694",505,People & Blogs,2013
984,Tyga,"11,000,000","5,211,071,220",160,Music,2009
985,Inside Edition,"11,000,000","19,367,966,533","27,156",News & Politics,2012
986,Taylor RS,"11,000,000","3,306,502,621","1,845",Gaming,2016
987,Emily Tube,"11,000,000","4,040,393,626",770,Entertainment,2014
988,unknown boy varun,"11,000,000","3,263,285,883",193,Music,2016
989,TV Shows,"11,000,000",,,,2012
990,Coisa de Nerd,"11,000,000","3,419,435,728","1,962",Gaming,2009
991,ExplosmEntertainment,"11,000,000","3,685,664,468","1,048",Comedy,2009
992,JP Plays,"10,900,000","4,609,300,218","3,528",Gaming,2014
993,OYUNCAKOYNUYORUM,"10,900,000","9,948,474,904",791,Entertainment,2016
994,Brancoala,"10,900,000","7,934,725,886","1,685",Entertainment,2008
995,핑크퐁 (인기 동요・동화),"10,900,000","6,663,450,148","2,726",Education,2014
996,TrapMusicHDTV,"10,900,000","4,070,521,973",690,Music,2013
997,Hueva,"10,900,000","3,040,301,750",831,Gaming,2012
998,OGGY,"10,900,000","5,589,104,660",920,Film & Animation,2014
999,Games EduUu,"10,900,000","3,093,784,767","1,006",Gaming,2011
1000,Dobre Brothers,"10,900,000","2,808,411,693",590,People & Blogs,2017
